{
  "bottleneck": "balanced",
  "compression_backend": "cpu",
  "depth_frame_budget_ms": 66.66666666666667,
  "duration_s": 30.022566497000298,
  "gpu_interpretation": "GPU charts measure host load only; depth compression remains CPU-based.",
  "host": {
    "cpu_percent_mean": 5.476190476190476,
    "cpu_percent_p95": 7.216666666666666,
    "gpu_util_percent_mean": null,
    "gpu_util_percent_p95": null,
    "net_rx_mbps_mean": null,
    "net_tx_mbps_mean": null,
    "ping_ms_mean": 19.632758620689657,
    "ping_ms_p95": 55.75999999999987,
    "power_mw_mean": null,
    "sample_count": 29,
    "temp_c_mean": null
  },
  "network_label": "wireless",
  "profile_name": "wireless_lz4",
  "role": "sender",
  "run_id": "20260404_wireless_lz4",
  "sender": {
    "compression_ms_mean": 2.8793379072759797,
    "compression_ratio_mean": 0.3073118946196267,
    "depth_bytes_mean": 157343.69004524886,
    "depth_drained_frames": 1,
    "depth_frames": 442,
    "depth_send_fps": 14.722259006209958,
    "packet_count_mean": 134.64027149321268,
    "rgb_camera_fps": 29.677675960482066,
    "rgb_drained_frames": 1,
    "rgb_rtsp_write_fps": 29.677675960482066,
    "send_ms_mean": 4.167738565624303
  }
}