{
  "bottleneck": "balanced",
  "compression_backend": "cpu",
  "depth_frame_budget_ms": 66.66666666666667,
  "duration_s": 224.3377957340001,
  "gpu_interpretation": "GPU charts measure host load only; depth compression remains CPU-based.",
  "host": {
    "cpu_percent_mean": 5.082949308755761,
    "cpu_percent_p95": 6.333333333333333,
    "gpu_util_percent_mean": null,
    "gpu_util_percent_p95": null,
    "net_rx_mbps_mean": null,
    "net_tx_mbps_mean": null,
    "ping_ms_mean": 3.1020871559633028,
    "ping_ms_p95": 9.712499999999995,
    "power_mw_mean": null,
    "sample_count": 218,
    "temp_c_mean": null
  },
  "network_label": "wired",
  "profile_name": "wired_lz4",
  "role": "sender",
  "run_id": "wired_lz4_20260406T112520Z",
  "sender": {
    "compression_ms_mean": 2.324333883464638,
    "compression_ratio_mean": 0.254565032392151,
    "depth_bytes_mean": 130337.2965847813,
    "depth_drained_frames": 1,
    "depth_frames": 3338,
    "depth_send_fps": 14.87934741035748,
    "packet_count_mean": 111.61324146195327,
    "rgb_camera_fps": 29.78544020251908,
    "rgb_drained_frames": 1,
    "rgb_rtsp_write_fps": 29.78544020251908,
    "send_ms_mean": 1.4530704988031835
  }
}