{
  "bottleneck": "balanced",
  "compression_backend": "cpu",
  "depth_frame_budget_ms": 66.66666666666667,
  "duration_s": 31.67100849499957,
  "gpu_interpretation": "GPU charts measure host load only; depth compression remains CPU-based.",
  "host": {
    "cpu_percent_mean": 6.344444444444445,
    "cpu_percent_p95": 7.333333333333332,
    "gpu_util_percent_mean": null,
    "gpu_util_percent_p95": null,
    "net_rx_mbps_mean": null,
    "net_tx_mbps_mean": null,
    "ping_ms_mean": 2.9888387096774194,
    "ping_ms_p95": 8.7,
    "sample_count": 31
  },
  "network_label": "wired",
  "profile_name": "packet_overhead",
  "role": "sender",
  "run_id": "20260404_packet_0900",
  "sender": {
    "compression_ms_mean": 2.8721991752779483,
    "compression_ratio_mean": 0.3072598753511236,
    "depth_bytes_mean": 157317.05617977527,
    "depth_drained_frames": 1,
    "depth_frames": 445,
    "depth_send_fps": 14.050705081597247,
    "packet_count_mean": 180.71460674157302,
    "rgb_camera_fps": 28.259283253998955,
    "rgb_drained_frames": 1,
    "rgb_rtsp_write_fps": 28.259283253998955,
    "send_ms_mean": 2.0770182449534453
  }
}