{
  "bottleneck": "balanced",
  "compression_backend": "cpu",
  "depth_frame_budget_ms": 66.66666666666667,
  "duration_s": 31.645942760000253,
  "gpu_interpretation": "GPU charts measure host load only; depth compression remains CPU-based.",
  "host": {
    "cpu_percent_mean": 4.844444444444445,
    "cpu_percent_p95": 5.758333333333333,
    "gpu_util_percent_mean": null,
    "gpu_util_percent_p95": null,
    "net_rx_mbps_mean": null,
    "net_tx_mbps_mean": null,
    "ping_ms_mean": 3.2046129032258066,
    "ping_ms_p95": 8.344999999999999,
    "power_mw_mean": null,
    "sample_count": 31,
    "temp_c_mean": null
  },
  "network_label": "wired",
  "profile_name": "wired_zstd_15x15",
  "role": "sender",
  "run_id": "20260404_wired_zstd_15x15",
  "sender": {
    "compression_ms_mean": 4.762544024612454,
    "compression_ratio_mean": 0.2188727797435538,
    "depth_bytes_mean": 112062.86322869956,
    "depth_drained_frames": 0,
    "depth_frames": 446,
    "depth_send_fps": 14.09343382127752,
    "packet_count_mean": 96.06502242152466,
    "rgb_camera_fps": 14.156633076081453,
    "rgb_drained_frames": 0,
    "rgb_rtsp_write_fps": 14.156633076081453,
    "send_ms_mean": 1.3028529775988011
  }
}