{
  "bottleneck": "balanced",
  "compression_backend": "cpu",
  "depth_frame_budget_ms": 66.66666666666667,
  "duration_s": 31.519711170999926,
  "gpu_interpretation": "GPU charts measure host load only; depth compression remains CPU-based.",
  "host": {
    "cpu_percent_mean": 5.872222222222222,
    "cpu_percent_p95": 7.091666666666667,
    "gpu_util_percent_mean": null,
    "gpu_util_percent_p95": null,
    "net_rx_mbps_mean": null,
    "net_tx_mbps_mean": null,
    "ping_ms_mean": 0.044096774193548384,
    "ping_ms_p95": 0.058499999999999996,
    "sample_count": 31
  },
  "network_label": "local",
  "profile_name": "local_baseline",
  "role": "sender",
  "run_id": "20260404_local_baseline",
  "sender": {
    "compression_ms_mean": 2.895060472971087,
    "compression_ratio_mean": 0.3080005806587838,
    "depth_bytes_mean": 157696.2972972973,
    "depth_drained_frames": 1,
    "depth_frames": 444,
    "depth_send_fps": 14.086423495165379,
    "packet_count_mean": 134.9346846846847,
    "rgb_camera_fps": 28.36320406458975,
    "rgb_drained_frames": 1,
    "rgb_rtsp_write_fps": 28.36320406458975,
    "send_ms_mean": 2.615975020271558
  }
}