{
  "bottleneck": "balanced",
  "compression_backend": "cpu",
  "depth_frame_budget_ms": 66.66666666666667,
  "duration_s": 250.82633208899915,
  "gpu_interpretation": "GPU charts measure host load only; depth compression remains CPU-based.",
  "host": {
    "cpu_percent_mean": 5.534979423868313,
    "cpu_percent_p95": 6.666666666666667,
    "gpu_util_percent_mean": null,
    "gpu_util_percent_p95": null,
    "net_rx_mbps_mean": null,
    "net_tx_mbps_mean": null,
    "ping_ms_mean": 2.1036557377049183,
    "ping_ms_p95": 7.881499999999999,
    "power_mw_mean": null,
    "sample_count": 244,
    "temp_c_mean": null
  },
  "network_label": "wired",
  "profile_name": "wired_lz4",
  "role": "sender",
  "run_id": "wired_lz4_20260406T123545Z",
  "sender": {
    "compression_ms_mean": 2.1753219245392263,
    "compression_ratio_mean": 0.23021782930852136,
    "depth_bytes_mean": 117871.52860596293,
    "depth_drained_frames": 1,
    "depth_frames": 3723,
    "depth_send_fps": 14.842939212135793,
    "packet_count_mean": 100.9911361804996,
    "rgb_camera_fps": 29.709799357731917,
    "rgb_drained_frames": 1,
    "rgb_rtsp_write_fps": 29.709799357731917,
    "send_ms_mean": 1.340403810911652
  }
}