{
  "bottleneck": "balanced",
  "compression_backend": "cpu",
  "depth_frame_budget_ms": 66.66666666666667,
  "duration_s": 30.02097362099994,
  "gpu_interpretation": "GPU charts measure host load only; depth compression remains CPU-based.",
  "host": {
    "cpu_percent_mean": 7.720238095238095,
    "cpu_percent_p95": 16.799999999999986,
    "gpu_util_percent_mean": null,
    "gpu_util_percent_p95": null,
    "net_rx_mbps_mean": null,
    "net_tx_mbps_mean": null,
    "ping_ms_mean": 7.279310344827586,
    "ping_ms_p95": 21.159999999999982,
    "sample_count": 29
  },
  "network_label": "wireless",
  "profile_name": "wireless_zstd",
  "role": "sender",
  "run_id": "20260404_wireless_zstd",
  "sender": {
    "compression_ms_mean": 4.712208829601723,
    "compression_ratio_mean": 0.22063827774663677,
    "depth_bytes_mean": 112966.79820627802,
    "depth_drained_frames": 0,
    "depth_frames": 446,
    "depth_send_fps": 14.856280333560502,
    "packet_count_mean": 96.83408071748879,
    "rgb_camera_fps": 29.87911089507572,
    "rgb_drained_frames": 0,
    "rgb_rtsp_write_fps": 29.87911089507572,
    "send_ms_mean": 3.011043376676296
  }
}