{
  "bottleneck": "balanced",
  "compression_backend": "cpu",
  "depth_frame_budget_ms": 66.66666666666667,
  "duration_s": 31.183536446999824,
  "gpu_interpretation": "GPU charts measure host load only; depth compression remains CPU-based.",
  "host": {
    "cpu_percent_mean": 5.694444444444445,
    "cpu_percent_p95": 6.924999999999999,
    "gpu_util_percent_mean": null,
    "gpu_util_percent_p95": null,
    "net_rx_mbps_mean": null,
    "net_tx_mbps_mean": null,
    "ping_ms_mean": 2.7380322580645164,
    "ping_ms_p95": 7.800000000000001,
    "power_mw_mean": null,
    "sample_count": 31,
    "temp_c_mean": null
  },
  "network_label": "wired",
  "profile_name": "wired_zstd",
  "role": "sender",
  "run_id": "20260404_wired_zstd",
  "sender": {
    "compression_ms_mean": 4.730572454993127,
    "compression_ratio_mean": 0.22146024246903154,
    "depth_bytes_mean": 113387.64414414414,
    "depth_drained_frames": 1,
    "depth_frames": 444,
    "depth_send_fps": 14.238282458906848,
    "packet_count_mean": 97.18243243243244,
    "rgb_camera_fps": 28.66897414023136,
    "rgb_drained_frames": 1,
    "rgb_rtsp_write_fps": 28.66897414023136,
    "send_ms_mean": 1.3606180765433433
  }
}