{
  "bottleneck": "balanced",
  "compression_backend": "cpu",
  "depth_frame_budget_ms": 66.66666666666667,
  "duration_s": 30.022165792999658,
  "gpu_interpretation": "GPU charts measure host load only; depth compression remains CPU-based.",
  "host": {
    "cpu_percent_mean": 6.029761904761905,
    "cpu_percent_p95": 7.333333333333333,
    "gpu_util_percent_mean": null,
    "gpu_util_percent_p95": null,
    "net_rx_mbps_mean": null,
    "net_tx_mbps_mean": null,
    "ping_ms_mean": 19.00344827586207,
    "ping_ms_p95": 48.63999999999999,
    "sample_count": 29
  },
  "network_label": "wireless",
  "profile_name": "wireless_lz4",
  "role": "sender",
  "run_id": "20260404_wireless_lz4",
  "sender": {
    "compression_ms_mean": 2.85831967197248,
    "compression_ratio_mean": 0.3068999946611617,
    "depth_bytes_mean": 157132.7972665148,
    "depth_drained_frames": 1,
    "depth_frames": 439,
    "depth_send_fps": 14.622529334721172,
    "packet_count_mean": 134.4624145785877,
    "rgb_camera_fps": 29.344984838016746,
    "rgb_drained_frames": 2,
    "rgb_rtsp_write_fps": 29.378293560874884,
    "send_ms_mean": 4.313989050139436
  }
}